<?xml version="1.0" encoding="UTF-8"?>
<verification-metadata xmlns="https://schema.gradle.org/dependency-verification" xmlns:xsi="http://www.w3.org/2001/XMLSchema-instance" xsi:schemaLocation="https://schema.gradle.org/dependency-verification https://schema.gradle.org/dependency-verification/dependency-verification-1.1.xsd">
   <configuration>
      <verify-metadata>true</verify-metadata>
      <verify-signatures>false</verify-signatures>
      <trusted-artifacts>
         <trust group="net.runelite"/>
         <trust group="net.runelite.archive-patcher"/>
         <trust group="net.runelite.arn"/>
         <trust group="net.runelite.gluegen"/>
         <trust group="net.runelite.jocl"/>
         <trust group="net.runelite.jogl"/>
         <trust group="net.runelite.pushingpixels"/>
      </trusted-artifacts>
   </configuration>
   <components>
      <component group="aopalliance" name="aopalliance" version="1.0">
         <artifact name="aopalliance-1.0.jar">
            <sha256 value="0addec670fedcd3f113c5c8091d783280d23f75e3acb841b61a9cdb079376a08" origin="Generated by Gradle"/>
         </artifact>
         <artifact name="aopalliance-1.0.pom">
            <sha256 value="26e82330157d6b844b67a8064945e206581e772977183e3e31fec6058aa9a59b" origin="Generated by Gradle"/>
         </artifact>
      </component>
      <component group="ch.qos.logback" name="logback-classic" version="1.2.3">
         <artifact name="logback-classic-1.2.3.jar">
            <sha256 value="fb53f8539e7fcb8f093a56e138112056ec1dc809ebb020b59d8a36a5ebac37e0" origin="Generated by Gradle"/>
         </artifact>
         <artifact name="logback-classic-1.2.3.pom">
            <sha256 value="a051eb1a2548b93c99abca8eb71d5c75d2ff06976682960348124bc4901a5315" origin="Generated by Gradle"/>
         </artifact>
      </component>
      <component group="ch.qos.logback" name="logback-classic" version="1.2.9">
         <artifact name="logback-classic-1.2.9.jar">
            <sha256 value="ad745cc243805800d1ebbf5b7deba03b37c95885e6bce71335a73f7d6d0f14ee" origin="Generated by Gradle"/>
         </artifact>
         <artifact name="logback-classic-1.2.9.pom">
            <sha256 value="d04475f2e2312bec9fb5a081381ff3096de82f099ff420ba1e172a0d12feb392" origin="Generated by Gradle"/>
         </artifact>
      </component>
      <component group="ch.qos.logback" name="logback-core" version="1.2.3">
         <artifact name="logback-core-1.2.3.jar">
            <sha256 value="5946d837fe6f960c02a53eda7a6926ecc3c758bbdd69aa453ee429f858217f22" origin="Generated by Gradle"/>
         </artifact>
         <artifact name="logback-core-1.2.3.pom">
            <sha256 value="df4d7181ec51655baaaab067971180d7681643ddd274139f0c3078dba14e97e0" origin="Generated by Gradle"/>
         </artifact>
      </component>
      <component group="ch.qos.logback" name="logback-core" version="1.2.9">
         <artifact name="logback-core-1.2.9.jar">
            <sha256 value="4a9ef7ed809b1fbc6992bf87d404087c247e7a9766e25bb84377b58ed5c9eb58" origin="Generated by Gradle"/>
         </artifact>
         <artifact name="logback-core-1.2.9.pom">
            <sha256 value="1d8f7cee8747e06e73c5a0b61be0bc2aae95f53f7271937aae263069a42e035a" origin="Generated by Gradle"/>
         </artifact>
      </component>
      <component group="ch.qos.logback" name="logback-parent" version="1.2.3">
         <artifact name="logback-parent-1.2.3.pom">
            <sha256 value="79cd021dafc7b0255d3cdd3fd70cbaa638df73995749a348ee82c45635eab26a" origin="Generated by Gradle"/>
         </artifact>
      </component>
      <component group="ch.qos.logback" name="logback-parent" version="1.2.9">
         <artifact name="logback-parent-1.2.9.pom">
            <sha256 value="130e446db4400d5623a46cda4942e730d1d971c49d2ca77839886848e324a53e" origin="Generated by Gradle"/>
         </artifact>
      </component>
      <component group="com.davidehrmann.vcdiff" name="vcdiff-core" version="0.1.1">
         <artifact name="vcdiff-core-0.1.1.jar">
            <sha256 value="8a1d955bb0779ae134f4d7a28d8fc6dcafad2999bbe9b9c3320aca6898937506" origin="Generated by Gradle"/>
         </artifact>
         <artifact name="vcdiff-core-0.1.1.pom">
            <sha256 value="8302d6325b727a55f1b7d4dc44b87079924a5c03bb9e6e4af68b38fead9ee3a1" origin="Generated by Gradle"/>
         </artifact>
      </component>
      <component group="com.davidehrmann.vcdiff" name="vcdiff-parent" version="0.1.1">
         <artifact name="vcdiff-parent-0.1.1.pom">
            <sha256 value="c0006a8a8bd42c372dd6fde32f96411badc10ca5395a7e66588dbabe0e897cce" origin="Generated by Gradle"/>
         </artifact>
      </component>
      <component group="com.diffplug.durian" name="durian-collect" version="1.2.0">
         <artifact name="durian-collect-1.2.0.jar">
            <sha256 value="b194c0b88021cc116c21c1dc76f49c2c1fe175af5bcb74c8ba67b9dbbf9a48cc" origin="Generated by Gradle"/>
         </artifact>
         <artifact name="durian-collect-1.2.0.pom">
            <sha256 value="8bb762086a0a4fd2a6473bbf905c744763afa1d59a5630f73bb04b7872c09ff3" origin="Generated by Gradle"/>
         </artifact>
      </component>
      <component group="com.diffplug.durian" name="durian-core" version="1.2.0">
         <artifact name="durian-core-1.2.0.jar">
            <sha256 value="17ed0aacb3a3c16323332168bbdead8694f32800b2b47d69d4a4c49b114d5dae" origin="Generated by Gradle"/>
         </artifact>
         <artifact name="durian-core-1.2.0.pom">
            <sha256 value="870320e90755371b01796fe81ba525fd1dee8b70346f554551eedd4289f0b662" origin="Generated by Gradle"/>
         </artifact>
      </component>
      <component group="com.diffplug.durian" name="durian-io" version="1.2.0">
         <artifact name="durian-io-1.2.0.jar">
            <sha256 value="095fd1dc77888c073f0be39a018156ee526722798b09de9e285ef2135e16eac4" origin="Generated by Gradle"/>
         </artifact>
         <artifact name="durian-io-1.2.0.pom">
            <sha256 value="350919424324e2750a3ddc2fa1bce6a90ac8ce2925698a60a9b4d1d6e4922ffe" origin="Generated by Gradle"/>
         </artifact>
      </component>
      <component group="com.diffplug.spotless" name="spotless-lib" version="2.3.0">
         <artifact name="spotless-lib-2.3.0.jar">
            <sha256 value="e90dea800bd104549907401698e370ee7083fe621c833ee81a44f72d990b3777" origin="Generated by Gradle"/>
         </artifact>
         <artifact name="spotless-lib-2.3.0.pom">
            <sha256 value="5c7fd219b59e0673e935dc670bbabe8cffcaec58c7d164896550d0fb827f10e0" origin="Generated by Gradle"/>
         </artifact>
      </component>
      <component group="com.diffplug.spotless" name="spotless-lib-extra" version="2.3.0">
         <artifact name="spotless-lib-extra-2.3.0.jar">
            <sha256 value="7d6261cd2dfd4adb7601ef7b95e181198b2a04162e310d4da0823b88e34ee81a" origin="Generated by Gradle"/>
         </artifact>
         <artifact name="spotless-lib-extra-2.3.0.pom">
            <sha256 value="fe8ee004589534065c7c87231e9d8a82638d9a6f99ed7f755d8d9fbb4f006d11" origin="Generated by Gradle"/>
         </artifact>
      </component>
      <component group="com.diffplug.spotless" name="spotless-plugin-gradle" version="5.2.0">
         <artifact name="spotless-plugin-gradle-5.2.0.jar">
            <sha256 value="7c17a78fb4b23fe11f3623d4ab51696ac5373a60ff8afee96939e8d33237d0a2" origin="Generated by Gradle"/>
         </artifact>
         <artifact name="spotless-plugin-gradle-5.2.0.pom">
            <sha256 value="0e2cbe4e5d38e1edea146c6eab025657838258f40e20ea9852739221b70490ac" origin="Generated by Gradle"/>
         </artifact>
      </component>
      <component group="com.esotericsoftware.minlog" name="minlog" version="1.2">
         <artifact name="minlog-1.2.jar">
            <sha256 value="a678cb1aa8f5d03d901c992c75741841d98a9bc3d55dad02e84d65315c4e60f2" origin="Generated by Gradle"/>
         </artifact>
         <artifact name="minlog-1.2.pom">
            <sha256 value="af01a12a3329b681fdeb3a2c268fe06cdb7d7387c3b70cfcd96c309da0f677a2" origin="Generated by Gradle"/>
         </artifact>
      </component>
      <component group="com.fasterxml" name="oss-parent" version="33">
         <artifact name="oss-parent-33.pom">
            <sha256 value="c54370964cfcce2319bd9a85f5e14f500c8518989ae56b1b475df1b348b73108" origin="Generated by Gradle"/>
         </artifact>
      </component>
      <component group="com.fasterxml" name="oss-parent" version="41">
         <artifact name="oss-parent-41.pom">
            <sha256 value="af650fa4dd400bc5769320bcef08ed93813f349cabe8213d469acafbbd945d8a" origin="Generated by Gradle"/>
         </artifact>
      </component>
      <component group="com.fasterxml.jackson" name="jackson-base" version="2.12.5">
         <artifact name="jackson-base-2.12.5.pom">
            <sha256 value="82f7beac170a2e9c3867daf997a79c1fe984c0041be380d1b2935062412a2129" origin="Generated by Gradle"/>
         </artifact>
      </component>
      <component group="com.fasterxml.jackson" name="jackson-base" version="2.9.6">
         <artifact name="jackson-base-2.9.6.pom">
            <sha256 value="fbcd609c7e063e83b30dce58555b23dee3e519dc00aaac7471e52b4140917329" origin="Generated by Gradle"/>
         </artifact>
      </component>
      <component group="com.fasterxml.jackson" name="jackson-bom" version="2.12.5">
         <artifact name="jackson-bom-2.12.5.pom">
            <sha256 value="3ac692c79f2fb03a2d42f2ff7ccad83b76e680a1f9cb92f5df4db4f83a2ec980" origin="Generated by Gradle"/>
         </artifact>
      </component>
      <component group="com.fasterxml.jackson" name="jackson-bom" version="2.9.6">
         <artifact name="jackson-bom-2.9.6.pom">
            <sha256 value="f4138298eb6cd872a038e462468031a8603aa78482e9a2239c9172f35722f0f8" origin="Generated by Gradle"/>
         </artifact>
      </component>
      <component group="com.fasterxml.jackson" name="jackson-parent" version="2.12">
         <artifact name="jackson-parent-2.12.pom">
            <sha256 value="62aa1c1679ade09f173dbf1b6c32d35c55e75800238fd5e48f13aa4337c0875b" origin="Generated by Gradle"/>
         </artifact>
      </component>
      <component group="com.fasterxml.jackson" name="jackson-parent" version="2.9.1.1">
         <artifact name="jackson-parent-2.9.1.1.pom">
            <sha256 value="225ca4af1c895ab4845cf2d29fd5ac50e538b353805e75bb2b74a1b3b9d86bc5" origin="Generated by Gradle"/>
         </artifact>
      </component>
      <component group="com.fasterxml.jackson.core" name="jackson-annotations" version="2.12.5">
         <artifact name="jackson-annotations-2.12.5.jar">
            <sha256 value="517926d9fe04cadd55120790d0b5355e4f656ffe2969e4d480a0e7f95a983e9e" origin="Generated by Gradle"/>
         </artifact>
         <artifact name="jackson-annotations-2.12.5.module">
            <sha256 value="71df0471be33dd7bbe72bd0c796dccca604b786675f21d1ed2205d1a92820367" origin="Generated by Gradle"/>
         </artifact>
      </component>
      <component group="com.fasterxml.jackson.core" name="jackson-core" version="2.12.5">
         <artifact name="jackson-core-2.12.5.jar">
            <sha256 value="0c9860b8fb6f24f59e083e0b92a17c515c45312951fc272d093e4709faed6356" origin="Generated by Gradle"/>
         </artifact>
         <artifact name="jackson-core-2.12.5.module">
            <sha256 value="abee1777ac9a2c959cd2fec3fdb5c8e2189dd0231844ce197228a77dedabeea5" origin="Generated by Gradle"/>
         </artifact>
      </component>
      <component group="com.fasterxml.jackson.core" name="jackson-core" version="2.9.6">
         <artifact name="jackson-core-2.9.6.jar">
            <sha256 value="fab8746aedd6427788ee390ea04d438ec141bff7eb3476f8bdd5d9110fb2718a" origin="Generated by Gradle"/>
         </artifact>
         <artifact name="jackson-core-2.9.6.pom">
            <sha256 value="7ddd2dc8fd0a634e27e306a9aa854959ccc47245797628c50bc8371775a42e32" origin="Generated by Gradle"/>
         </artifact>
      </component>
      <component group="com.fasterxml.jackson.core" name="jackson-databind" version="2.12.5">
         <artifact name="jackson-databind-2.12.5.jar">
            <sha256 value="d49cdfd82443fa5869d75fe53680012cef2dd74621b69d37da69087c40f1575a" origin="Generated by Gradle"/>
         </artifact>
         <artifact name="jackson-databind-2.12.5.module">
            <sha256 value="09a9aa181228adfb0cce416374abff8e6a62b63d78a1d9b7fe2798567a471f7a" origin="Generated by Gradle"/>
         </artifact>
      </component>
      <component group="com.google" name="google" version="5">
         <artifact name="google-5.pom">
            <sha256 value="e09d345e73ca3fbca7f3e05f30deb74e9d39dd6b79a93fee8c511f23417b6828" origin="Generated by Gradle"/>
         </artifact>
      </component>
      <component group="com.google.api-client" name="google-api-client" version="1.25.0">
         <artifact name="google-api-client-1.25.0.jar">
            <sha256 value="24e1a69d6c04e6e72e3e16757d46d32daa7dd43cb32c3895f832f25358be1402" origin="Generated by Gradle"/>
         </artifact>
         <artifact name="google-api-client-1.25.0.pom">
            <sha256 value="c72680512790a5939b396fd768f0b6197586423e105b8f7ad9fb1eb6b3584d98" origin="Generated by Gradle"/>
         </artifact>
      </component>
      <component group="com.google.api-client" name="google-api-client-parent" version="1.25.0">
         <artifact name="google-api-client-parent-1.25.0.pom">
            <sha256 value="344949593593ed6a7b60c16675072be253b73cc380c720b9c96893fca561cd47" origin="Generated by Gradle"/>
         </artifact>
      </component>
      <component group="com.google.apis" name="google-api-services-sheets" version="v4-rev581-1.25.0">
         <artifact name="google-api-services-sheets-v4-rev581-1.25.0.jar">
            <sha256 value="de26acf6872c7ab14d83f2212cd4478036a5b53f3f8e8a8375ca70ce8f8ced27" origin="Generated by Gradle"/>
         </artifact>
         <artifact name="google-api-services-sheets-v4-rev581-1.25.0.pom">
            <sha256 value="ac80f60c99dc6a6143623a4692bb459b9ffc4e3e8d3748421820d80578260e31" origin="Generated by Gradle"/>
         </artifact>
      </component>
      <component group="com.google.code.findbugs" name="jsr305" version="3.0.2">
         <artifact name="jsr305-3.0.2.jar">
            <sha256 value="766ad2a0783f2687962c8ad74ceecc38a28b9f72a2d085ee438b7813e928d0c7" origin="Generated by Gradle"/>
         </artifact>
         <artifact name="jsr305-3.0.2.pom">
            <sha256 value="19889dbdf1b254b2601a5ee645b8147a974644882297684c798afe5d63d78dfe" origin="Generated by Gradle"/>
         </artifact>
      </component>
      <component group="com.google.code.gson" name="gson" version="2.8.5">
         <artifact name="gson-2.8.5.jar">
            <sha256 value="233a0149fc365c9f6edbd683cfe266b19bdc773be98eabdaf6b3c924b48e7d81" origin="Generated by Gradle"/>
         </artifact>
         <artifact name="gson-2.8.5.pom">
            <sha256 value="b8308557a7fccc92d9fe7c8cd0599258b361285d2ecde7689eda98843255a092" origin="Generated by Gradle"/>
         </artifact>
      </component>
      <component group="com.google.code.gson" name="gson" version="2.8.6">
         <artifact name="gson-2.8.6.jar">
            <sha256 value="c8fb4839054d280b3033f800d1f5a97de2f028eb8ba2eb458ad287e536f3f25f" origin="Generated by Gradle"/>
         </artifact>
         <artifact name="gson-2.8.6.pom">
            <sha256 value="2174415a647332d30fda04bd1cfc708a3ecc84eaf7517f596188d8244e103911" origin="Generated by Gradle"/>
         </artifact>
      </component>
      <component group="com.google.code.gson" name="gson-parent" version="2.8.5">
         <artifact name="gson-parent-2.8.5.pom">
            <sha256 value="8f1fec72b91a71ea39ec39f5f778c4d1124b6b097c6d55b3a50b554a52237b27" origin="Generated by Gradle"/>
         </artifact>
      </component>
      <component group="com.google.code.gson" name="gson-parent" version="2.8.6">
         <artifact name="gson-parent-2.8.6.pom">
            <sha256 value="3736463859ec19267295e894940ae82a8f684413031122fe35ce7cff7e30a774" origin="Generated by Gradle"/>
         </artifact>
      </component>
      <component group="com.google.errorprone" name="error_prone_annotations" version="2.0.18">
         <artifact name="error_prone_annotations-2.0.18.jar">
            <sha256 value="cb4cfad870bf563a07199f3ebea5763f0dec440fcda0b318640b1feaa788656b" origin="Generated by Gradle"/>
         </artifact>
         <artifact name="error_prone_annotations-2.0.18.pom">
            <sha256 value="9144127192d6f612c2366825dceaeb23b0d53130b83e0bf1ffe107d1470a8487" origin="Generated by Gradle"/>
         </artifact>
      </component>
      <component group="com.google.errorprone" name="error_prone_parent" version="2.0.18">
         <artifact name="error_prone_parent-2.0.18.pom">
            <sha256 value="cf149955279b07d4f11e817985c1164a69e930d73db7441b43a6ef53bbd286c4" origin="Generated by Gradle"/>
         </artifact>
      </component>
      <component group="com.google.guava" name="guava" version="23.2-jre">
         <artifact name="guava-23.2-jre.jar">
            <sha256 value="5be9a7d05ba0ccd74708bc8018ae412255f85843c0b92302e9b9befa6ed52564" origin="Generated by Gradle"/>
         </artifact>
         <artifact name="guava-23.2-jre.pom">
            <sha256 value="57abac7e3962e45ad1c8645d91cdad96e1e0bf23b8b38e6f389011f7ae496870" origin="Generated by Gradle"/>
         </artifact>
      </component>
      <component group="com.google.guava" name="guava-parent" version="23.2-jre">
         <artifact name="guava-parent-23.2-jre.pom">
            <sha256 value="e92cd52f3b86a0f6fe90fc94a86ea072a2b112fc40063bd33f6679778038cc47" origin="Generated by Gradle"/>
         </artifact>
      </component>
      <component group="com.google.http-client" name="google-http-client" version="1.25.0">
         <artifact name="google-http-client-1.25.0.jar">
            <sha256 value="fb7d80a515da4618e2b402e1fef96999e07621b381a5889ef091482c5a3e961d" origin="Generated by Gradle"/>
         </artifact>
         <artifact name="google-http-client-1.25.0.pom">
            <sha256 value="a47ac11addc14607ca70e27bdf51041a51095bce24de09f2f7c476f56a3745f6" origin="Generated by Gradle"/>
         </artifact>
      </component>
      <component group="com.google.http-client" name="google-http-client-jackson2" version="1.25.0">
         <artifact name="google-http-client-jackson2-1.25.0.jar">
            <sha256 value="f9e7e0d318860a2092d70b56331976280c4e9348a065ede3b99c92aa032fd853" origin="Generated by Gradle"/>
         </artifact>
         <artifact name="google-http-client-jackson2-1.25.0.pom">
            <sha256 value="909f6e098016ffd9ce9ebf3720dfb661bc4a17aa932cb4c221836997dc21585f" origin="Generated by Gradle"/>
         </artifact>
      </component>
      <component group="com.google.http-client" name="google-http-client-parent" version="1.25.0">
         <artifact name="google-http-client-parent-1.25.0.pom">
            <sha256 value="0629c71198ea6975efe8f122ef6a5bcaa72fbed6cf30c3b83cc3cbb64708fdab" origin="Generated by Gradle"/>
         </artifact>
      </component>
      <component group="com.google.inject" name="guice" version="4.1.0">
         <artifact name="guice-4.1.0-no_aop.jar">
            <sha256 value="9264c6931c431e928dc64adc842584d5f57d17b2f3aff29221f2b3fdea673dad" origin="Generated by Gradle"/>
         </artifact>
         <artifact name="guice-4.1.0.pom">
            <sha256 value="0fa847b77ecf18b17007bf3853f44bf7f0b6170f2f944a05b1990dc59c441695" origin="Generated by Gradle"/>
         </artifact>
      </component>
      <component group="com.google.inject" name="guice-bom" version="4.1.0">
         <artifact name="guice-bom-4.1.0.pom">
            <sha256 value="918ee32d0e7c410e11a45fb017179344c96d729ece2bfb960e2be05b3b5fd3fa" origin="Generated by Gradle"/>
         </artifact>
      </component>
      <component group="com.google.inject" name="guice-parent" version="4.1.0">
         <artifact name="guice-parent-4.1.0.pom">
            <sha256 value="1ecea87b2c44d210e60f0f2ecc241538de227006bd2b2d1e75349ee4164b77dc" origin="Generated by Gradle"/>
         </artifact>
      </component>
      <component group="com.google.inject.extensions" name="extensions-parent" version="4.1.0">
         <artifact name="extensions-parent-4.1.0.pom">
            <sha256 value="d29abed3af03e880a535302462f72c5a8e94d0b1abc9a014c55dea02d399ca79" origin="Generated by Gradle"/>
         </artifact>
      </component>
      <component group="com.google.inject.extensions" name="guice-multibindings" version="4.1.0">
         <artifact name="guice-multibindings-4.1.0.jar">
            <sha256 value="592773a4c745cc87ba37fa0647fed8126c7e474349c603c9f229aa25d3ef5448" origin="Generated by Gradle"/>
         </artifact>
         <artifact name="guice-multibindings-4.1.0.pom">
            <sha256 value="ab67b20cd91a78a048ec8ed1648fd3fbbadd2f20fe433b7b1f06e5667d4d5794" origin="Generated by Gradle"/>
         </artifact>
      </component>
      <component group="com.google.j2objc" name="j2objc-annotations" version="1.1">
         <artifact name="j2objc-annotations-1.1.jar">
            <sha256 value="2994a7eb78f2710bd3d3bfb639b2c94e219cedac0d4d084d516e78c16dddecf6" origin="Generated by Gradle"/>
         </artifact>
         <artifact name="j2objc-annotations-1.1.pom">
            <sha256 value="f0c98c571e93a7cb4dd18df0fa308f0963e7a0620ac2d4244e61e709d03ad6be" origin="Generated by Gradle"/>
         </artifact>
      </component>
      <component group="com.google.protobuf" name="protobuf-bom" version="3.21.1">
         <artifact name="protobuf-bom-3.21.1.pom">
            <sha256 value="df49c4bd02834c63b71450ed3fab2bc3ba3dd704a8a4c2f421e95ee4637fbe1b" origin="Generated by Gradle"/>
         </artifact>
      </component>
      <component group="com.google.protobuf" name="protobuf-javalite" version="3.21.1">
         <artifact name="protobuf-javalite-3.21.1.jar">
            <sha256 value="101fd28d111ad1b95550ba45ab295cd1e8e8eb0676f66ed6705adba6042597ff" origin="Generated by Gradle"/>
         </artifact>
         <artifact name="protobuf-javalite-3.21.1.pom">
            <sha256 value="1915d42c7d1a89dc801040f3795abe232905eaf4d6fef33efb9140f18c939f41" origin="Generated by Gradle"/>
         </artifact>
      </component>
      <component group="com.google.protobuf" name="protobuf-parent" version="3.21.1">
         <artifact name="protobuf-parent-3.21.1.pom">
            <sha256 value="4788246b1087cb1d2c493a1e1a0fbe19c4dbc19882b962a1d8a57e9e6dc7c714" origin="Generated by Gradle"/>
         </artifact>
      </component>
      <component group="com.googlecode.concurrent-trees" name="concurrent-trees" version="2.6.1">
         <artifact name="concurrent-trees-2.6.1.jar">
            <sha256 value="04e3724984e2a5cbf55606cfa372a5bd3d3c5d2a21533a7004e3cde539761fa5" origin="Generated by Gradle"/>
         </artifact>
         <artifact name="concurrent-trees-2.6.1.pom">
            <sha256 value="43c2b9b142e7055d1f2a5827f10944925d22747d9756b3250c07aab47538a971" origin="Generated by Gradle"/>
         </artifact>
      </component>
      <component group="com.googlecode.javaewah" name="JavaEWAH" version="1.1.7">
         <artifact name="JavaEWAH-1.1.7.jar">
            <sha256 value="3ecf8b2c602314341f5a2ace171ed04fc86f2d4ddf762180656e9b71134ae68f" origin="Generated by Gradle"/>
         </artifact>
         <artifact name="JavaEWAH-1.1.7.pom">
            <sha256 value="3e65dece4bd244bfb28c305a34160e7eb3811a34b31e6ff7684242dbd0d6cfdb" origin="Generated by Gradle"/>
         </artifact>
      </component>
      <component group="com.h2database" name="h2" version="2.1.212">
         <artifact name="h2-2.1.212.jar">
            <sha256 value="db9284c6ff9bf3bc0087851edbd34563f1180df3ae87c67c5fe2203c0e67a536" origin="Generated by Gradle"/>
         </artifact>
         <artifact name="h2-2.1.212.pom">
            <sha256 value="ce49b1c01d1537607eaeec6592a1c385e7262788233a9a8817d34860ca7a73ef" origin="Generated by Gradle"/>
         </artifact>
      </component>
      <component group="com.miglayout" name="miglayout-core" version="5.2">
         <artifact name="miglayout-core-5.2.jar">
            <sha256 value="669f0da8fd76be53d75f5940f481626f29b544cd9925b7da2611187d2684bc7a" origin="Generated by Gradle"/>
         </artifact>
         <artifact name="miglayout-core-5.2.pom">
            <sha256 value="b1cbef6baaaab7721a08b2a5019b696a37d5e3ec0a7d0cd7991a3830e26b7c60" origin="Generated by Gradle"/>
         </artifact>
      </component>
      <component group="com.miglayout" name="miglayout-parent" version="5.2">
         <artifact name="miglayout-parent-5.2.pom">
            <sha256 value="f924d2d02976bc842ed2eff8b31e07a7665bfcd25463d4d79adbe41058ace99b" origin="Generated by Gradle"/>
         </artifact>
      </component>
      <component group="com.miglayout" name="miglayout-swing" version="5.2">
         <artifact name="miglayout-swing-5.2.jar">
            <sha256 value="8369f682ea153efb681a3f582acc488e82a97ee6f47d25352f080e977f138c86" origin="Generated by Gradle"/>
         </artifact>
         <artifact name="miglayout-swing-5.2.pom">
            <sha256 value="e7643592af49a7121473e3943b374edd7c3fbb9cc905d0c6ab90ce702be442a1" origin="Generated by Gradle"/>
         </artifact>
      </component>
      <component group="com.squareup.moshi" name="moshi" version="1.2.0">
         <artifact name="moshi-1.2.0.jar">
            <sha256 value="70960944f72380a9669adbf3245430597022b0da9a0a73d2c28404baa0261323" origin="Generated by Gradle"/>
         </artifact>
         <artifact name="moshi-1.2.0.pom">
            <sha256 value="9310d64b9eaf918d67c4793c2fc81ce5cbf7294cab24b5229d81067eb896ea9d" origin="Generated by Gradle"/>
         </artifact>
      </component>
      <component group="com.squareup.moshi" name="moshi-parent" version="1.2.0">
         <artifact name="moshi-parent-1.2.0.pom">
            <sha256 value="df73c08f4dc82afc59b581ded868f98416a8b3e376fce0835488d5613618c217" origin="Generated by Gradle"/>
         </artifact>
      </component>
      <component group="com.squareup.okhttp3" name="logging-interceptor" version="3.5.0">
         <artifact name="logging-interceptor-3.5.0.jar">
            <sha256 value="2f77bb4b1b2ecf1c330a54295b0b112f65a56d2c16b7937303ad601b1de18fde" origin="Generated by Gradle"/>
         </artifact>
         <artifact name="logging-interceptor-3.5.0.pom">
            <sha256 value="c6859cd41ab3df4567e86e6fc5dfb881364c46e673471974d45f6014d0378276" origin="Generated by Gradle"/>
         </artifact>
      </component>
      <component group="com.squareup.okhttp3" name="okhttp" version="3.14.9">
         <artifact name="okhttp-3.14.9.jar">
            <sha256 value="2570fab55515cbf881d7a4ceef49fc515490bc027057e666776a2832465aeca0" origin="Generated by Gradle"/>
         </artifact>
         <artifact name="okhttp-3.14.9.pom">
            <sha256 value="61edf3c4764ea95f1212ca2dfbc6ea5d4133c71c4e8c40bd247ec83e7c6b7ce7" origin="Generated by Gradle"/>
         </artifact>
      </component>
      <component group="com.squareup.okhttp3" name="okhttp" version="3.5.0">
         <artifact name="okhttp-3.5.0.pom">
            <sha256 value="98eca3610c0d636f2a16c4dcdbe5e7d1a077d7fc75da63ec8fa9d0a82e7d5ad9" origin="Generated by Gradle"/>
         </artifact>
      </component>
      <component group="com.squareup.okhttp3" name="parent" version="3.14.9">
         <artifact name="parent-3.14.9.pom">
            <sha256 value="b5f101dcf2cc7f32ec3d7b68bdc078e77eac1979bb8664e8f87f762288c3dce5" origin="Generated by Gradle"/>
         </artifact>
      </component>
      <component group="com.squareup.okhttp3" name="parent" version="3.5.0">
         <artifact name="parent-3.5.0.pom">
            <sha256 value="28b93e60ab8945777de3e62f566b042dad05f9a436b2ab6aef1fd9557c768d4d" origin="Generated by Gradle"/>
         </artifact>
      </component>
      <component group="com.squareup.okio" name="okio" version="1.17.2">
         <artifact name="okio-1.17.2.jar">
            <sha256 value="f80ce42d2ffac47ad4c47e1d6f980d604d247ceb1a886705cf4581ab0c9fe2b8" origin="Generated by Gradle"/>
         </artifact>
         <artifact name="okio-1.17.2.pom">
            <sha256 value="cd57f75443ab6a714b203da51994ee64ed0e919fea81f04e4f4b5324e4bb03f0" origin="Generated by Gradle"/>
         </artifact>
      </component>
      <component group="com.squareup.okio" name="okio-parent" version="1.17.2">
         <artifact name="okio-parent-1.17.2.pom">
            <sha256 value="e81f40146f2a0eb394b10fa3a175c85ab9fbe757aa418aa44d4b760efe16f024" origin="Generated by Gradle"/>
         </artifact>
      </component>
      <component group="com.squareup.retrofit2" name="converter-moshi" version="2.1.0">
         <artifact name="converter-moshi-2.1.0.jar">
            <sha256 value="ad052fa0bfabbf697c8174a3fdf4ba647dfe7ebe911bc8feb751b55d1dd90e27" origin="Generated by Gradle"/>
         </artifact>
         <artifact name="converter-moshi-2.1.0.pom">
            <sha256 value="251d2be722a4888d6d18d9a16aaf129e9162072b6cb63fb7a84cd956be9b9f13" origin="Generated by Gradle"/>
         </artifact>
      </component>
      <component group="com.squareup.retrofit2" name="parent" version="2.1.0">
         <artifact name="parent-2.1.0.pom">
            <sha256 value="81d859e4f8b0715ff86159529052c8dc9cfdd1cc7b034f53c05386ffd4c535ef" origin="Generated by Gradle"/>
         </artifact>
      </component>
      <component group="com.squareup.retrofit2" name="retrofit" version="2.1.0">
         <artifact name="retrofit-2.1.0.jar">
            <sha256 value="b7ae1a8c9f8de27c85ea43238c6c1507e91d33c6411cc52a06b5451842dc28bb" origin="Generated by Gradle"/>
         </artifact>
         <artifact name="retrofit-2.1.0.pom">
            <sha256 value="05f5a3e2d192d8ae4812f613a70a173d7336a16af7c038564f11c923da22d524" origin="Generated by Gradle"/>
         </artifact>
      </component>
      <component group="com.squareup.retrofit2" name="retrofit-converters" version="2.1.0">
         <artifact name="retrofit-converters-2.1.0.pom">
            <sha256 value="3cac6d011409c96348ac330686326a2cb53315f6c29080e5d55b28308c9448a2" origin="Generated by Gradle"/>
         </artifact>
      </component>
      <component group="commons-io" name="commons-io" version="1.3.2">
         <artifact name="commons-io-1.3.2.jar">
            <sha256 value="551c13e49dab32aebdb7a70ec9c2767372e58864ae115ef389582e548cffee38" origin="Generated by Gradle"/>
         </artifact>
         <artifact name="commons-io-1.3.2.pom">
            <sha256 value="1da5fdcd12e75b62ba85eed94ab46b64ab9ad7f66a5d1cfcbe194e4e9a0f5d84" origin="Generated by Gradle"/>
         </artifact>
      </component>
      <component group="io.ably" name="ably-java" version="1.2.5">
         <artifact name="ably-java-1.2.5.jar">
            <sha256 value="4da5786a9c8ec53ed4fb3516e944960568addade884fad862f4e7d78ca57de71" origin="Generated by Gradle"/>
         </artifact>
         <artifact name="ably-java-1.2.5.pom">
            <sha256 value="60e8210720bd38abc5a5942b1ebda7562adf3a2163c4599a000793764fe7f473" origin="Generated by Gradle"/>
         </artifact>
      </component>
      <component group="io.freefair.gradle" name="lombok-plugin" version="5.3.0">
         <artifact name="lombok-plugin-5.3.0.jar">
            <sha256 value="9cd994b8501b715e1bf8904318f2019e7e32b4d915e2f022ec54bf1026bd23e9" origin="Generated by Gradle"/>
         </artifact>
         <artifact name="lombok-plugin-5.3.0.pom">
            <sha256 value="9550172e9d37595d1ddc1ae008ddbd272dd521d94d1bbaf127b0c749e1ee0440" origin="Generated by Gradle"/>
         </artifact>
      </component>
      <component group="io.freefair.lombok" name="io.freefair.lombok.gradle.plugin" version="5.3.0">
         <artifact name="io.freefair.lombok.gradle.plugin-5.3.0.pom">
            <sha256 value="388d370f5c677b29d93f2a32c4ea0ec317f2e345f028de9d637e5118b0dece4d" origin="Generated by Gradle"/>
         </artifact>
      </component>
      <component group="io.github.zeroone3010" name="yetanotherhueapi" version="2.3.0">
         <artifact name="yetanotherhueapi-2.3.0.jar">
            <sha256 value="e9cb1cfeea40ce7761d2b9d61a8d4a09b90f8444d2a7ca556617131a2a60caa1" origin="Generated by Gradle"/>
         </artifact>
         <artifact name="yetanotherhueapi-2.3.0.pom">
            <sha256 value="ae6b20a62c393de91c19bd8987dd16f579f2200a00b235d6faf9d8a6c8d33906" origin="Generated by Gradle"/>
         </artifact>
      </component>
      <component group="io.socket" name="engine.io-client" version="2.0.0">
         <artifact name="engine.io-client-2.0.0.jar">
            <sha256 value="aa1d209daa3c2e9be6a161053bbd22b05321be83baae8385d29707a66fc05e6d" origin="Generated by Gradle"/>
         </artifact>
         <artifact name="engine.io-client-2.0.0.pom">
            <sha256 value="8e47a1cb64f98161fc4c8382b8e7f1f07b2e98cbaa07b8708bdbe2174fc2cef3" origin="Generated by Gradle"/>
         </artifact>
      </component>
      <component group="io.socket" name="socket.io-client" version="2.0.1">
         <artifact name="socket.io-client-2.0.1.jar">
            <sha256 value="6d5fd9869c9770d06663240331ec06681f131f17d532ea09f825948156686729" origin="Generated by Gradle"/>
         </artifact>
         <artifact name="socket.io-client-2.0.1.pom">
            <sha256 value="e9b4a80a4b3fffaee19002908b527a7e1529c10621a63299edc8d23446344133" origin="Generated by Gradle"/>
         </artifact>
      </component>
      <component group="javax.inject" name="javax.inject" version="1">
         <artifact name="javax.inject-1.jar">
            <sha256 value="91c77044a50c481636c32d916fd89c9118a72195390452c81065080f957de7ff" origin="Generated by Gradle"/>
         </artifact>
         <artifact name="javax.inject-1.pom">
            <sha256 value="943e12b100627804638fa285805a0ab788a680266531e650921ebfe4621a8bfa" origin="Generated by Gradle"/>
         </artifact>
      </component>
      <component group="jfree" name="jcommon" version="1.0.16">
         <artifact name="jcommon-1.0.16.jar">
            <sha256 value="3d6113245ffdb8b6bf066d53674d888218c916cf1db1cb40e55105a75b2d567e" origin="Generated by Gradle"/>
         </artifact>
         <artifact name="jcommon-1.0.16.pom">
            <sha256 value="d1474959ef5e9fa5a8637ae93a1812d69fa06006300161fcf101e9f6442cc10e" origin="Generated by Gradle"/>
         </artifact>
      </component>
      <component group="jfree" name="jfreechart" version="1.0.13">
         <artifact name="jfreechart-1.0.13.jar">
            <sha256 value="62fc1c7a98fd59b760e4324e95a63ec6aadf10dfc817af808a86b1891776d2ad" origin="Generated by Gradle"/>
         </artifact>
         <artifact name="jfreechart-1.0.13.pom">
            <sha256 value="d7dee32531d5adddc5bb7b3c314efe0690f10fa670867b2a52343ca17e412a25" origin="Generated by Gradle"/>
         </artifact>
      </component>
      <component group="net.java.dev.jna" name="jna" version="5.9.0">
         <artifact name="jna-5.9.0.jar">
            <sha256 value="eafcc780b445434d3c5ae7fa2fb6665de1a7560d537d2c408a8e80cd14d27161" origin="Generated by Gradle"/>
         </artifact>
         <artifact name="jna-5.9.0.pom">
            <sha256 value="6bc8b8459150b59e9598f3dad9ad245a1ef2150d082581017184eb163e592829" origin="Generated by Gradle"/>
         </artifact>
      </component>
      <component group="net.java.dev.jna" name="jna-platform" version="5.9.0">
         <artifact name="jna-platform-5.9.0.jar">
            <sha256 value="1903bc6d87f3ab92023957b91f45a9c8eb3515bad030356ce977201e5141b724" origin="Generated by Gradle"/>
         </artifact>
         <artifact name="jna-platform-5.9.0.pom">
            <sha256 value="0bda5d98e4be9261f09cdfaee6fa245988790834d7fcadc8e2fdd93c7d641825" origin="Generated by Gradle"/>
         </artifact>
      </component>
      <component group="net.jodah" name="failsafe" version="2.4.0">
         <artifact name="failsafe-2.4.0.jar">
            <sha256 value="db86b93fb3317f1c9b49b316bf8b975117c2bb9516a22e7a528fc588792a54a0" origin="Generated by Gradle"/>
         </artifact>
         <artifact name="failsafe-2.4.0.pom">
            <sha256 value="9e2f9b927346ef006ecac3c773e3994a7677222619303b180194bc755df50df1" origin="Generated by Gradle"/>
         </artifact>
      </component>
      <component group="net.runelite.arn" name="http-api" version="1.0.0">
         <artifact name="http-api-1.0.0.jar">
            <sha256 value="49132e91d30944682c7caa3d20f764d2112b59ac7ccd9cab89ca08e917c4632e" origin="Generated by Gradle"/>
         </artifact>
         <artifact name="http-api-1.0.0.pom">
            <sha256 value="c55fc8b29f917cf8bc84a869fc9bad08296c2735f7467b9829e5b8997a344fa6" origin="Generated by Gradle"/>
         </artifact>
      </component>
      <component group="net.runelite.arn" name="parent" version="1.0.0">
         <artifact name="parent-1.0.0.pom">
            <sha256 value="772724160a93f0f31ffb5403e0fdda1130510676eeb0e79ea4b37692f36209bd" origin="Generated by Gradle"/>
         </artifact>
      </component>
      <component group="net.sf.jopt-simple" name="jopt-simple" version="5.0.1">
         <artifact name="jopt-simple-5.0.1.jar">
            <sha256 value="9f0c8d50fa4b79b6ff1502dbec8502179d6b9497cacbe17a13074001aed537ec" origin="Generated by Gradle"/>
         </artifact>
         <artifact name="jopt-simple-5.0.1.pom">
            <sha256 value="606e9b1d8e448a8f454b7eb585320b392e80f68880e92bef98cdf9dab8714340" origin="Generated by Gradle"/>
         </artifact>
      </component>
      <component group="net.sourceforge.jdatepicker" name="jdatepicker" version="1.3.2">
         <artifact name="jdatepicker-1.3.2.jar">
            <sha256 value="e2b8f768f0ee996083d01d192bf6f239122d7e2e8c2c44f0d15dcd13a53474d5" origin="Generated by Gradle"/>
         </artifact>
         <artifact name="jdatepicker-1.3.2.pom">
            <sha256 value="3b524e7567e1f16400a6f2a5c7da66f69107ea46974d80d6479bf93ade681ac5" origin="Generated by Gradle"/>
         </artifact>
      </component>
      <component group="org.apache" name="apache" version="17">
         <artifact name="apache-17.pom">
            <sha256 value="398044b74b5a719326be218ae08124e5e2f3318ab5d78fe199d504efc2e0d43f" origin="Generated by Gradle"/>
         </artifact>
      </component>
      <component group="org.apache" name="apache" version="18">
         <artifact name="apache-18.pom">
            <sha256 value="7831307285fd475bbc36b20ae38e7882f11c3153b1d5930f852d44eda8f33c17" origin="Generated by Gradle"/>
         </artifact>
      </component>
      <component group="org.apache" name="apache" version="4">
         <artifact name="apache-4.pom">
            <sha256 value="9e9323a26ba8eb2394efef0c96d31b70df570808630dc147cab1e73541cc5194" origin="Generated by Gradle"/>
         </artifact>
      </component>
      <component group="org.apache.commons" name="commons-csv" version="1.4">
         <artifact name="commons-csv-1.4.jar">
            <sha256 value="9d4924588d6280c7516db3a4b7298306db5b6f0d1cdf568ce738309b5660f008" origin="Generated by Gradle"/>
         </artifact>
         <artifact name="commons-csv-1.4.pom">
            <sha256 value="87a058a0c2d33472ceca88467d58b17be0f0ec650af072da054af5fee0fd03d9" origin="Generated by Gradle"/>
         </artifact>
      </component>
      <component group="org.apache.commons" name="commons-io" version="1.3.2">
         <artifact name="commons-io-1.3.2.pom">
            <sha256 value="6bd9a4de95b23d52956909e91aab6f79c8a7aa269e3519b31f77f1ef7a729f4d" origin="Generated by Gradle"/>
         </artifact>
      </component>
      <component group="org.apache.commons" name="commons-lang3" version="3.7">
         <artifact name="commons-lang3-3.7.jar">
            <sha256 value="6e8dc31e046508d9953c96534edf0c2e0bfe6f468966b5b842b3f87e43b6a847" origin="Generated by Gradle"/>
         </artifact>
         <artifact name="commons-lang3-3.7.pom">
            <sha256 value="16bf63e86f5ea0404e89ed0f654b0915bea0030129aea9531d74369b71f764da" origin="Generated by Gradle"/>
         </artifact>
      </component>
      <component group="org.apache.commons" name="commons-parent" version="3">
         <artifact name="commons-parent-3.pom">
            <sha256 value="9b4771f073287d1f3f249d3a62c0b1ef76fdbba61fac64f099f3c6ef72fa3fb0" origin="Generated by Gradle"/>
         </artifact>
      </component>
      <component group="org.apache.commons" name="commons-parent" version="40">
         <artifact name="commons-parent-40.pom">
            <sha256 value="3059556e29612b1af65df7e040c4a510be492a973479c8c0cc3b6c083b1943e4" origin="Generated by Gradle"/>
         </artifact>
      </component>
      <component group="org.apache.commons" name="commons-parent" version="42">
         <artifact name="commons-parent-42.pom">
            <sha256 value="cd313494c670b483ec256972af1698b330e598f807002354eb765479f604b09c" origin="Generated by Gradle"/>
         </artifact>
      </component>
      <component group="org.apache.commons" name="commons-text" version="1.2">
         <artifact name="commons-text-1.2.jar">
            <sha256 value="d4a57bbc1627da7c391308fd0fe910b83170fb66afd117236a5b111d2db1590b" origin="Generated by Gradle"/>
         </artifact>
         <artifact name="commons-text-1.2.pom">
            <sha256 value="ec4f5a26089541f8e8531f91db590d963d772ee86d76f749a4b5d44fd9c6f6fc" origin="Generated by Gradle"/>
         </artifact>
      </component>
      <component group="org.codehaus" name="codehaus-parent" version="4">
         <artifact name="codehaus-parent-4.pom">
            <sha256 value="6b87237de8c2e1740cf80627c7f3ce3e15de1930bb250c55a1eca94fa3e014df" origin="Generated by Gradle"/>
         </artifact>
      </component>
      <component group="org.codehaus.groovy" name="groovy" version="3.0.3">
         <artifact name="groovy-3.0.3.jar">
            <sha256 value="4052c72a3518b681ef9ec576940aa841bd85278a151b28d6656871668033392f" origin="Generated by Gradle"/>
         </artifact>
         <artifact name="groovy-3.0.3.pom">
            <sha256 value="bab8276b9b11de756d27e1e73b01322e681e84a6d4e22d49a9d9f633eeb95571" origin="Generated by Gradle"/>
         </artifact>
      </component>
      <component group="org.codehaus.groovy" name="groovy-xml" version="3.0.3">
         <artifact name="groovy-xml-3.0.3.jar">
            <sha256 value="2acfa711a69b585047ab731769d6bff3b8a06e49490639c78346c7a4005a59b7" origin="Generated by Gradle"/>
         </artifact>
         <artifact name="groovy-xml-3.0.3.pom">
            <sha256 value="792811162f89b3e2666a0bd4363068de0d00d2f841456d0351e8a2df8293b78b" origin="Generated by Gradle"/>
         </artifact>
      </component>
      <component group="org.codehaus.mojo" name="animal-sniffer-annotations" version="1.14">
         <artifact name="animal-sniffer-annotations-1.14.jar">
            <sha256 value="2068320bd6bad744c3673ab048f67e30bef8f518996fa380033556600669905d" origin="Generated by Gradle"/>
         </artifact>
         <artifact name="animal-sniffer-annotations-1.14.pom">
            <sha256 value="1879f19a05991e3ed95910b96689333396b0c467a215dc4d1f90018404b72a26" origin="Generated by Gradle"/>
         </artifact>
      </component>
      <component group="org.codehaus.mojo" name="animal-sniffer-parent" version="1.14">
         <artifact name="animal-sniffer-parent-1.14.pom">
            <sha256 value="f51550a06b1410bd4962cb0e71df0b921a60a7ef47bfa9c4825a14be72316eea" origin="Generated by Gradle"/>
         </artifact>
      </component>
      <component group="org.codehaus.mojo" name="mojo-parent" version="34">
         <artifact name="mojo-parent-34.pom">
            <sha256 value="3e395d6fbc43c09a3774cac8694ce527398305ea3fd5492d80e25af27d382a9c" origin="Generated by Gradle"/>
         </artifact>
      </component>
      <component group="org.eclipse.jgit" name="org.eclipse.jgit" version="5.8.0.202006091008-r">
         <artifact name="org.eclipse.jgit-5.8.0.202006091008-r.jar">
            <sha256 value="84a0dcb47f4d2233fc4c05d4eac012d37db012b953a208aa13a22c286bcc85f9" origin="Generated by Gradle"/>
         </artifact>
         <artifact name="org.eclipse.jgit-5.8.0.202006091008-r.pom">
            <sha256 value="f70528fda51102e0c540106912911558ed67e0dd303d198f4e34c3d14bb545f1" origin="Generated by Gradle"/>
         </artifact>
      </component>
      <component group="org.eclipse.jgit" name="org.eclipse.jgit-parent" version="5.8.0.202006091008-r">
         <artifact name="org.eclipse.jgit-parent-5.8.0.202006091008-r.pom">
            <sha256 value="0ced7ec1d5da22ce417c0be830d300c4419963030fd39ae75335b03e61ef65c0" origin="Generated by Gradle"/>
         </artifact>
      </component>
      <component group="org.hamcrest" name="hamcrest-core" version="1.3">
         <artifact name="hamcrest-core-1.3.jar">
            <sha256 value="66fdef91e9739348df7a096aa384a5685f4e875584cce89386a7a47251c4d8e9" origin="Generated by Gradle"/>
         </artifact>
         <artifact name="hamcrest-core-1.3.pom">
            <sha256 value="fde386a7905173a1b103de6ab820727584b50d0e32282e2797787c20a64ffa93" origin="Generated by Gradle"/>
         </artifact>
      </component>
      <component group="org.hamcrest" name="hamcrest-parent" version="1.3">
         <artifact name="hamcrest-parent-1.3.pom">
            <sha256 value="6d535f94efb663bdb682c9f27a50335394688009642ba7a9677504bc1be4129b" origin="Generated by Gradle"/>
         </artifact>
      </component>
      <component group="org.influxdb" name="influxdb-java" version="2.5">
         <artifact name="influxdb-java-2.5.jar">
            <sha256 value="4fc6b2c75c7c39380859220439969637897fbc9abaa1457c51c0275610f18ffd" origin="Generated by Gradle"/>
         </artifact>
         <artifact name="influxdb-java-2.5.pom">
            <sha256 value="9cea55346c8e92fed0c8f5467911c47adcdf6ea3196cdbd9306bf3851921a5da" origin="Generated by Gradle"/>
         </artifact>
      </component>
      <component group="org.java-websocket" name="Java-WebSocket" version="1.4.0">
         <artifact name="Java-WebSocket-1.4.0.jar">
            <sha256 value="517029c8dce9849e5974557091c4fbdde27895e2bb90f15b8f53ad82b55769ea" origin="Generated by Gradle"/>
         </artifact>
         <artifact name="Java-WebSocket-1.4.0.pom">
            <sha256 value="28e05084bea98ab750cb007d56c7d242303c2f6dc67063a4fe3579c76e7c1a96" origin="Generated by Gradle"/>
         </artifact>
      </component>
      <component group="org.jetbrains" name="annotations" version="23.0.0">
         <artifact name="annotations-23.0.0.jar">
            <sha256 value="7b0f19724082cbfcbc66e5abea2b9bc92cf08a1ea11e191933ed43801eb3cd05" origin="Generated by Gradle"/>
         </artifact>
         <artifact name="annotations-23.0.0.pom">
            <sha256 value="c9490f655132328df2cfbcfdf743f53fc3916d6c1d10437175a6ca6e3a67771c" origin="Generated by Gradle"/>
         </artifact>
      </component>
      <component group="org.json" name="json" version="20090211">
         <artifact name="json-20090211.jar">
            <sha256 value="055be110a570f9cda3eba8d70a006ff46c77a048bc67868524879211c48b330a" origin="Generated by Gradle"/>
         </artifact>
         <artifact name="json-20090211.pom">
            <sha256 value="00fff24b968dd5411de16ae418bb8c25f0f7213b0add271ac47b0ba2a89e7400" origin="Generated by Gradle"/>
         </artifact>
      </component>
      <component group="org.json" name="json" version="20200518">
         <artifact name="json-20200518.jar">
            <sha256 value="0ff30e6da82f15afaf0e76bd6e996a7ab5566851166a83f973c64a9a0f946d2d" origin="Generated by Gradle"/>
         </artifact>
         <artifact name="json-20200518.pom">
            <sha256 value="48e84a975f5e3fb593bf6ca549ceac9983b2ec9727b5d3b9e62278c9ce00df38" origin="Generated by Gradle"/>
         </artifact>
      </component>
      <component group="org.jsoup" name="jsoup" version="1.13.1">
         <artifact name="jsoup-1.13.1.jar">
            <sha256 value="e2b99c0d2fa39f69f27efb1c0016390713feb2f2e02d8ea7f1c36b780271598a" origin="Generated by Gradle"/>
         </artifact>
         <artifact name="jsoup-1.13.1.pom">
            <sha256 value="b35a250072073639ef51d988956b4679741cd7b453f38466b1dfadc3fd4998eb" origin="Generated by Gradle"/>
         </artifact>
      </component>
      <component group="org.lwjgl" name="lwjgl" version="3.3.1">
         <artifact name="lwjgl-3.3.1-natives-linux.jar">
            <sha256 value="22ef2afa31a1740a337ec9c6806c6b8d97e931a63e2c43270cbaf14fb3f6fc4e" origin="Generated by Gradle"/>
         </artifact>
         <artifact name="lwjgl-3.3.1-natives-macos-arm64.jar">
            <sha256 value="7197e89ab80a2a2183b4ee925ccb44e572f0cb757a92776adf8265269200a36a" origin="Generated by Gradle"/>
         </artifact>
         <artifact name="lwjgl-3.3.1-natives-macos.jar">
            <sha256 value="f48e610a981dca515b9bbe7345cc76e3450c13404b052d8ac357ef0af8e90abf" origin="Generated by Gradle"/>
         </artifact>
         <artifact name="lwjgl-3.3.1-natives-windows-x86.jar">
            <sha256 value="e90c1f9cf5701aeef2982ebf0905a2b991f4622b8a7f8250eaf0873b5a0a0223" origin="Generated by Gradle"/>
         </artifact>
         <artifact name="lwjgl-3.3.1-natives-windows.jar">
            <sha256 value="093d13d62a6434bc656bf10a3b37e2530fd9af3b0bc20f8e9545be58659d1443" origin="Generated by Gradle"/>
         </artifact>
         <artifact name="lwjgl-3.3.1.jar">
            <sha256 value="cf83f90e32fb973ff5edfca4ef35f55ca51bb70a579b6a1f290744f552e8e484" origin="Generated by Gradle"/>
         </artifact>
         <artifact name="lwjgl-3.3.1.pom">
            <sha256 value="c4c5c7afab8eb7825366a23086c3dfeddae8308c115c5d6217a826ec324b37e3" origin="Generated by Gradle"/>
         </artifact>
      </component>
      <component group="org.lwjgl" name="lwjgl-bom" version="3.3.1">
         <artifact name="lwjgl-bom-3.3.1.module">
            <sha256 value="cf7ed5dc8892484e2ff63c3204b25ade07fcdf4107f093c579e20f4fa48988e1" origin="Generated by Gradle"/>
         </artifact>
         <artifact name="lwjgl-bom-3.3.1.pom">
            <sha256 value="75da638b7bb5993a7770fb6d2f4eb660ae92410c40ebe90f9f8f3ae44e6884ef" origin="Generated by Gradle"/>
         </artifact>
      </component>
      <component group="org.lwjgl" name="lwjgl-opengl" version="3.3.1">
         <artifact name="lwjgl-opengl-3.3.1-natives-linux.jar">
            <sha256 value="bcfcd9f8dfd229488ad9ec353d48c7b02de5ca21badd4092f1902239a1ed0690" origin="Generated by Gradle"/>
         </artifact>
         <artifact name="lwjgl-opengl-3.3.1-natives-macos-arm64.jar">
            <sha256 value="dbd110044eae8adbca8e3c7a730529a351559e74cea887bb3cd6ef0dc016f295" origin="Generated by Gradle"/>
         </artifact>
         <artifact name="lwjgl-opengl-3.3.1-natives-macos.jar">
            <sha256 value="711f29972888509262a957f1b3138bfa9b505519d11df6e5763d1c9a3f8b3c5d" origin="Generated by Gradle"/>
         </artifact>
         <artifact name="lwjgl-opengl-3.3.1-natives-windows-x86.jar">
            <sha256 value="683d8ad3d0d0977a6ea18b88a4cbe7e8fd4f06c1ab21babedab88309740bcc60" origin="Generated by Gradle"/>
         </artifact>
         <artifact name="lwjgl-opengl-3.3.1-natives-windows.jar">
            <sha256 value="851b9b593cac21e3af51dd4c303e8df3fe6a344a3f81d6b9bcc186e7e540bfda" origin="Generated by Gradle"/>
         </artifact>
         <artifact name="lwjgl-opengl-3.3.1.jar">
            <sha256 value="e436d2144f3a36fff772fd64233316809b795f390defd4d55660fc686e7c2834" origin="Generated by Gradle"/>
         </artifact>
         <artifact name="lwjgl-opengl-3.3.1.pom">
            <sha256 value="2cbf57c67a8d0466ad808e1a27fe3dd3c110e8ac02dc8ab2bac84a8519775541" origin="Generated by Gradle"/>
         </artifact>
      </component>
      <component group="org.mongodb" name="bson" version="4.2.0">
         <artifact name="bson-4.2.0.jar">
            <sha256 value="a21917b7027a7a0a8ac8b1731fffcb81193905def4377d5dc10cd2cf3841d995" origin="Generated by Gradle"/>
         </artifact>
         <artifact name="bson-4.2.0.pom">
            <sha256 value="244590396c2be7596eef95958056c87197a7049ff6dcbaa191329ff40d58ff9c" origin="Generated by Gradle"/>
         </artifact>
      </component>
      <component group="org.mongodb" name="mongodb-driver-core" version="4.2.0">
         <artifact name="mongodb-driver-core-4.2.0.jar">
            <sha256 value="1d86535a2f21a0e4bde6ed4c87acf5552b9283bb1a3a8c95620945ba3d285f32" origin="Generated by Gradle"/>
         </artifact>
         <artifact name="mongodb-driver-core-4.2.0.pom">
            <sha256 value="7d57d91814834cd09ad405bda53f5c29864e66787ecc7e1f6a9f22e43b3aef22" origin="Generated by Gradle"/>
         </artifact>
      </component>
      <component group="org.mongodb" name="mongodb-driver-sync" version="4.2.0">
         <artifact name="mongodb-driver-sync-4.2.0.jar">
            <sha256 value="cd62a225f4890a16f8b4079ccb77d9ba7a8718acc3de23f5cedd5ff073f2e42d" origin="Generated by Gradle"/>
         </artifact>
         <artifact name="mongodb-driver-sync-4.2.0.pom">
            <sha256 value="c4feccdf540ecc95a4d41733cd485b59219f9c77dffd25cbb99d5a06b774e058" origin="Generated by Gradle"/>
         </artifact>
      </component>
      <component group="org.msgpack" name="msgpack-core" version="0.8.11">
         <artifact name="msgpack-core-0.8.11.jar">
            <sha256 value="2a92184bb2d470656a7388c204221ce2e6dd28cd0cac8dae700656a06699e8bb" origin="Generated by Gradle"/>
         </artifact>
         <artifact name="msgpack-core-0.8.11.pom">
            <sha256 value="92c0386f086fea245b2ca5f51cb07f68dedda136a197a76b55318dd69d6c1e0b" origin="Generated by Gradle"/>
         </artifact>
      </component>
      <component group="org.projectlombok" name="lombok" version="1.18.16">
         <artifact name="lombok-1.18.16.jar">
            <sha256 value="7206cbbfd6efd5e85bceff29545633645650be58d58910a23b0d4835fbd15ed7" origin="Generated by Gradle"/>
         </artifact>
         <artifact name="lombok-1.18.16.pom">
            <sha256 value="34353bdceac715ac005aa8bcb89930cde3897ba9fc61280c1f1c0e7863de941c" origin="Generated by Gradle"/>
         </artifact>
      </component>
      <component group="org.projectlombok" name="lombok" version="1.18.20">
         <artifact name="lombok-1.18.20.jar">
            <sha256 value="ce947be6c2fbe759fbbe8ef3b42b6825f814c98c8853f1013f2d9630cedf74b0" origin="Generated by Gradle"/>
         </artifact>
         <artifact name="lombok-1.18.20.pom">
            <sha256 value="70e007423d1e486045febe2ae714da3ca4ca8e6685d7527453b68e0b15a5be6d" origin="Generated by Gradle"/>
         </artifact>
      </component>
      <component group="org.projectlombok" name="lombok" version="1.18.4">
         <artifact name="lombok-1.18.4.jar">
            <sha256 value="39f3922deb679b1852af519eb227157ef2dd0a21eec3542c8ce1b45f2df39742" origin="Generated by Gradle"/>
         </artifact>
         <artifact name="lombok-1.18.4.pom">
            <sha256 value="2eaf8fc3d7a9c2ce18ec874bc4674f7ab492b2121143342321e820eea12ffa2f" origin="Generated by Gradle"/>
         </artifact>
      </component>
      <component group="org.slf4j" name="slf4j-api" version="1.7.25">
         <artifact name="slf4j-api-1.7.25.jar">
            <sha256 value="18c4a0095d5c1da6b817592e767bb23d29dd2f560ad74df75ff3961dbde25b79" origin="Generated by Gradle"/>
         </artifact>
         <artifact name="slf4j-api-1.7.25.pom">
            <sha256 value="7cd9d7a0b5d93dfd461a148891b43509cf403a9c7f9fb49060d3554df1c81e1e" origin="Generated by Gradle"/>
         </artifact>
      </component>
      <component group="org.slf4j" name="slf4j-api" version="1.7.32">
         <artifact name="slf4j-api-1.7.32.jar">
            <sha256 value="3624f8474c1af46d75f98bc097d7864a323c81b3808aa43689a6e1c601c027be" origin="Generated by Gradle"/>
         </artifact>
         <artifact name="slf4j-api-1.7.32.pom">
            <sha256 value="001cde5b3c6ba91070425cfe9f2e695e4aeb8bc290a2d4cd96531127ab244fe5" origin="Generated by Gradle"/>
         </artifact>
      </component>
      <component group="org.slf4j" name="slf4j-parent" version="1.7.25">
         <artifact name="slf4j-parent-1.7.25.pom">
            <sha256 value="18f5c52120db036e88d6136f8839c832d074bdda95c756c6f429249d2db54ac6" origin="Generated by Gradle"/>
         </artifact>
      </component>
      <component group="org.slf4j" name="slf4j-parent" version="1.7.32">
         <artifact name="slf4j-parent-1.7.32.pom">
            <sha256 value="5ab349d0f4c7bc08ed0ef1f4d9386cb1940a2f4d6f152150e16dbbecc0b83c70" origin="Generated by Gradle"/>
         </artifact>
      </component>
      <component group="org.sonatype.oss" name="oss-parent" version="5">
         <artifact name="oss-parent-5.pom">
            <sha256 value="1678d4120a585d8a630131aeec4c524d928398583b7eab616ee7d5a87f520d3d" origin="Generated by Gradle"/>
         </artifact>
      </component>
      <component group="org.sonatype.oss" name="oss-parent" version="7">
         <artifact name="oss-parent-7.pom">
            <sha256 value="b51f8867c92b6a722499557fc3a1fdea77bdf9ef574722fe90ce436a29559454" origin="Generated by Gradle"/>
         </artifact>
      </component>
      <component group="org.sonatype.oss" name="oss-parent" version="9">
         <artifact name="oss-parent-9.pom">
            <sha256 value="fb40265f982548212ff82e362e59732b2187ec6f0d80182885c14ef1f982827a" origin="Generated by Gradle"/>
         </artifact>
      </component>
      <component group="org.zeromq" name="jnacl" version="0.1.0">
         <artifact name="jnacl-0.1.0.jar">
            <sha256 value="5e4836d5f08a22e833f9cf1cadbdb5af60c0735d08dd88256a04d5df25b54f26" origin="Generated by Gradle"/>
         </artifact>
         <artifact name="jnacl-0.1.0.pom">
            <sha256 value="1a819054432bcf31f88e45d53cc16a9234798cb988bf3fe3a8d685c5e53759d5" origin="Generated by Gradle"/>
         </artifact>
      </component>
   </components>
</verification-metadata>
